id,name,aliasName,nickname,fatherName,motherName,gender,dob,age,mobile,aadhaar,address,permanentAddress,photograph,village,fingerprints,faceImage,identificationMarks,height,weight,eyeColor,bloodGroup,status,surveillanceCategory,historySheetNumber,surveillanceNotes,beatOfficerRemarks,intelligenceInputs,gangName,gangLeader,gangMembers,areaOfOperation,history,propertyDetails,vehicleDetails,intelReports,approvalStatus,submittedBy,verifiedBy,approvedBy,lastUpdated
CRM-2026-0001,Amit Gujjar,Amit alias Don,Don,RamGujjar,Saraswati Devi,Male,1993-06-14,33,9812000001,XXXX-XXXX-3421,"Basti No 11, Bhelupur Area, Varanasi, UP","Village Dehat, District Varanasi, UP",https://images.unsplash.com/photo-1500000010000?auto=format&fit=crop&q=80&w=300,Dehat,FP-1001-SECURED,FACE-RECOGNIZED-81%,Scar on right arm,166 cm,61 kg,Black,A-,Active,Category B (Active Criminal),HS-11/Bhelupur,Regular movements observed near Bhelupur market.,Informer reports suspect active in Varanasi.,Intelligence inputs point to plans of illegal operations.,Gujjar Syndicate (G-110),Gujjar Patel,Vijay Jaiswal;Dinesh Srivastava;Sandeep Agarwal,"Varanasi, Western UP","[{""firNumber"":""FIR-101/2025"",""crimeNumber"":""CR-201/2025"",""policeStation"":""Bhelupur"",""district"":""varanasi"",""sections"":""Arms Act Sec 25/27, IPC 34 (Illegal Arms Possession)"",""chargeSheetStatus"":""Under Investigation"",""convictionDetails"":""Under Trial"",""bailStatus"":""Rejected"",""courtCaseDetails"":""District Court Case 501/2025""}]","[{""type"":""Commercial Plot"",""address"":""Mohalla Basti, Varanasi, UP"",""estimatedValue"":""₹32 Lakhs"",""status"":""Active""}]","[{""vehicleNumber"":""UP-11-AB-1001"",""vehicleType"":""SUV (Fortuner)"",""registrationDetails"":""Registered under self""}]",[],Approved,SHO Bhelupur,CO Varanasi,SP Varanasi,2026-06-07T17:31:41.662Z
CRM-2026-0002,Vikram Sharma,Vikram alias Shatir,Shatir,RamSharma,Saraswati Devi,Male,1980-06-14,46,9812000002,XXXX-XXXX-3422,"Basti No 12, Civil Lines Area, Prayagraj, UP","Village Dehat, District Prayagraj, UP",https://images.unsplash.com/photo-1500000020000?auto=format&fit=crop&q=80&w=300,Dehat,FP-1002-SECURED,FACE-RECOGNIZED-82%,Scar on right arm,167 cm,62 kg,Black,B+,In Jail,Category C (Petty Associate),HS-12/Civil Lines,Regular movements observed near Civil Lines market.,Informer reports suspect active in Prayagraj.,Intelligence inputs point to plans of illegal operations.,Purvanchal Cartel (P-51),Purvanchal Agarwal,Manoj Mishra;Sunil Maurya;Ajay Tripathi,"Prayagraj, Western UP","[{""firNumber"":""FIR-102/2025"",""crimeNumber"":""CR-202/2025"",""policeStation"":""Civil Lines"",""district"":""prayagraj"",""sections"":""IPC 392, 395 (Robbery, Dacoity)"",""chargeSheetStatus"":""Filed"",""convictionDetails"":""Convicted"",""bailStatus"":""Rejected"",""courtCaseDetails"":""District Court Case 502/2025""}]","[{""type"":""Residential House"",""address"":""Mohalla Basti, Prayagraj, UP"",""estimatedValue"":""₹34 Lakhs"",""status"":""Attached""}]",[],[],Approved,SHO Civil Lines,CO Prayagraj,SP Prayagraj,2026-06-07T17:31:41.662Z
CRM-2026-0003,Satish Pandey,Satish alias Panditji,Panditji,RamPandey,Saraswati Devi,Male,1967-06-14,59,9812000003,XXXX-XXXX-3423,"Basti No 13, Phase-1 Area, Noida, UP","Village Dehat, District Noida, UP",https://images.unsplash.com/photo-1500000030000?auto=format&fit=crop&q=80&w=300,Dehat,FP-1003-SECURED,FACE-RECOGNIZED-83%,Scar on right arm,168 cm,63 kg,Brown,B-,Out on Bail,Category A (Hardened Gangster),HS-13/Phase-1,Regular movements observed near Phase-1 market.,Informer reports suspect active in Noida.,Intelligence inputs point to plans of illegal operations.,Western UP Syndicate (W-88),Western Dubey,Anil Patel;Pankaj Verma;Rohan Gupta,"Noida, Western UP","[{""firNumber"":""FIR-103/2025"",""crimeNumber"":""CR-203/2025"",""policeStation"":""Phase-1"",""district"":""noida"",""sections"":""NDPS Act Sec 18/20 (Drug Smuggling)"",""chargeSheetStatus"":""Under Investigation"",""convictionDetails"":""Under Trial"",""bailStatus"":""Out on Bail"",""courtCaseDetails"":""District Court Case 503/2025""}]",[],"[{""vehicleNumber"":""UP-13-AB-1003"",""vehicleType"":""Motorcycle (Pulsar)"",""registrationDetails"":""Registered under self""}]",[],Approved,SHO Phase-1,CO Noida,SP Noida,2026-06-07T17:31:41.662Z
CRM-2026-0004,Rakesh Dubey,Rakesh alias Ustad,Ustad,RamDubey,Saraswati Devi,Male,1999-06-14,27,9812000004,XXXX-XXXX-3424,"Basti No 14, Kavi Nagar Area, Ghaziabad, UP","Village Dehat, District Ghaziabad, UP",https://images.unsplash.com/photo-1500000040000?auto=format&fit=crop&q=80&w=300,Dehat,FP-1004-SECURED,FACE-RECOGNIZED-84%,Scar on right arm,169 cm,64 kg,Black,O+,Wanted,Category B (Active Criminal),HS-14/Kavi Nagar,Regular movements observed near Kavi Nagar market.,Informer reports suspect active in Ghaziabad.,Intelligence inputs point to plans of illegal operations.,Independent,N/A,,"Ghaziabad, Western UP","[{""firNumber"":""FIR-104/2025"",""crimeNumber"":""CR-204/2025"",""policeStation"":""Kavi Nagar"",""district"":""ghaziabad"",""sections"":""IPC 384, 506 (Extortion, Intimidation)"",""chargeSheetStatus"":""Filed"",""convictionDetails"":""Under Trial"",""bailStatus"":""Rejected"",""courtCaseDetails"":""District Court Case 504/2025""}]","[{""type"":""Residential House"",""address"":""Mohalla Basti, Ghaziabad, UP"",""estimatedValue"":""₹38 Lakhs"",""status"":""Active""}]",[],[],Approved,SHO Kavi Nagar,CO Ghaziabad,SP Ghaziabad,2026-06-07T17:31:41.662Z
CRM-2026-0005,Sanjay Verma,Sanjay alias Tez,Tez,RamVerma,Saraswati Devi,Male,1986-06-14,40,9812000005,XXXX-XXXX-3425,"Basti No 15, MG Road Area, Agra, UP","Village Dehat, District Agra, UP",https://images.unsplash.com/photo-1500000050000?auto=format&fit=crop&q=80&w=300,Dehat,FP-1005-SECURED,FACE-RECOGNIZED-85%,Scar on right arm,170 cm,65 kg,Black,O-,Active,Category C (Petty Associate),HS-15/MG Road,Regular movements observed near MG Road market.,Informer reports suspect active in Agra.,Intelligence inputs point to plans of illegal operations.,Raju Kaana Gang (D-102),Raju Yadav,Ramesh Tiwari;Alok Pal;Siddharth Yadav,"Agra, Western UP","[{""firNumber"":""FIR-105/2025"",""crimeNumber"":""CR-205/2025"",""policeStation"":""MG Road"",""district"":""agra"",""sections"":""UP Gangsters Act Sec 3(1)"",""chargeSheetStatus"":""Under Investigation"",""convictionDetails"":""Under Trial"",""bailStatus"":""Rejected"",""courtCaseDetails"":""District Court Case 505/2025""}]","[{""type"":""Commercial Plot"",""address"":""Mohalla Basti, Agra, UP"",""estimatedValue"":""₹40 Lakhs"",""status"":""Active""}]","[{""vehicleNumber"":""UP-15-AB-1005"",""vehicleType"":""SUV (Fortuner)"",""registrationDetails"":""Registered under self""}]",[],Approved,SHO MG Road,CO Agra,SP Agra,2026-06-07T17:31:41.662Z
CRM-2026-0006,Vijay Jaiswal,Vijay alias Shooter,Shooter,RamJaiswal,Saraswati Devi,Male,1973-06-14,53,9812000006,XXXX-XXXX-3426,"Basti No 16, Kotwali Area, Kanpur, UP","Village Dehat, District Kanpur, UP",https://images.unsplash.com/photo-1500000060000?auto=format&fit=crop&q=80&w=300,Dehat,FP-1006-SECURED,FACE-RECOGNIZED-86%,Scar on right arm,171 cm,66 kg,Brown,AB+,In Jail,Category A (Hardened Gangster),HS-16/Kotwali,Regular movements observed near Kotwali market.,Informer reports suspect active in Kanpur.,Intelligence inputs point to plans of illegal operations.,Gujjar Syndicate (G-110),Gujjar Patel,Amit Gujjar;Dinesh Srivastava;Sandeep Agarwal,"Kanpur, Western UP","[{""firNumber"":""FIR-106/2025"",""crimeNumber"":""CR-206/2025"",""policeStation"":""Kotwali"",""district"":""kanpur"",""sections"":""IPC 420, 467, 468, 471 (Forgery, Cheating)"",""chargeSheetStatus"":""Filed"",""convictionDetails"":""Convicted"",""bailStatus"":""Rejected"",""courtCaseDetails"":""District Court Case 506/2025""}]",[],[],[],Approved,SHO Kotwali,CO Kanpur,SP Kanpur,2026-06-07T17:31:41.662Z
CRM-2026-0007,Manoj Mishra,Manoj alias Kalia,Kalia,RamMishra,Saraswati Devi,Male,2005-06-14,21,9812000007,XXXX-XXXX-3427,"Basti No 17, Chowk Area, Lucknow, UP","Village Dehat, District Lucknow, UP",https://images.unsplash.com/photo-1500000070000?auto=format&fit=crop&q=80&w=300,Dehat,FP-1007-SECURED,FACE-RECOGNIZED-87%,Scar on right arm,172 cm,67 kg,Black,AB-,Out on Bail,Category B (Active Criminal),HS-17/Chowk,Regular movements observed near Chowk market.,Informer reports suspect active in Lucknow.,Intelligence inputs point to plans of illegal operations.,Purvanchal Cartel (P-51),Purvanchal Agarwal,Vikram Sharma;Sunil Maurya;Ajay Tripathi,"Lucknow, Western UP","[{""firNumber"":""FIR-107/2025"",""crimeNumber"":""CR-207/2025"",""policeStation"":""Chowk"",""district"":""lucknow"",""sections"":""IPC 302, 307, 120B (Murder, Attempt to Murder, Conspiracy)"",""chargeSheetStatus"":""Under Investigation"",""convictionDetails"":""Under Trial"",""bailStatus"":""Out on Bail"",""courtCaseDetails"":""District Court Case 507/2025""}]","[{""type"":""Commercial Plot"",""address"":""Mohalla Basti, Lucknow, UP"",""estimatedValue"":""₹44 Lakhs"",""status"":""Active""}]","[{""vehicleNumber"":""UP-17-AB-1007"",""vehicleType"":""SUV (Fortuner)"",""registrationDetails"":""Registered under self""}]",[],Approved,SHO Chowk,CO Lucknow,SP Lucknow,2026-06-07T17:31:41.662Z
CRM-2026-0008,Anil Patel,Anil alias Kabootar,Kabootar,RamPatel,Saraswati Devi,Male,1992-06-14,34,9812000008,XXXX-XXXX-3428,"Basti No 18, Lanka Area, Varanasi, UP","Village Dehat, District Varanasi, UP",https://images.unsplash.com/photo-1500000080000?auto=format&fit=crop&q=80&w=300,Dehat,FP-1008-SECURED,FACE-RECOGNIZED-88%,Scar on right arm,173 cm,68 kg,Black,A+,Wanted,Category C (Petty Associate),HS-18/Lanka,Regular movements observed near Lanka market.,Informer reports suspect active in Varanasi.,Intelligence inputs point to plans of illegal operations.,Western UP Syndicate (W-88),Western Dubey,Satish Pandey;Pankaj Verma;Rohan Gupta,"Varanasi, Western UP","[{""firNumber"":""FIR-108/2025"",""crimeNumber"":""CR-208/2025"",""policeStation"":""Lanka"",""district"":""varanasi"",""sections"":""Arms Act Sec 25/27, IPC 34 (Illegal Arms Possession)"",""chargeSheetStatus"":""Filed"",""convictionDetails"":""Under Trial"",""bailStatus"":""Rejected"",""courtCaseDetails"":""District Court Case 508/2025""}]","[{""type"":""Residential House"",""address"":""Mohalla Basti, Varanasi, UP"",""estimatedValue"":""₹46 Lakhs"",""status"":""Active""}]",[],[],Approved,SHO Lanka,CO Varanasi,SP Varanasi,2026-06-07T17:31:41.662Z
CRM-2026-0009,Suresh Chauhan,Suresh alias Fauji,Fauji,RamChauhan,Saraswati Devi,Male,1979-06-14,47,9812000009,XXXX-XXXX-3429,"Basti No 19, Shivkuti Area, Prayagraj, UP","Village Dehat, District Prayagraj, UP",https://images.unsplash.com/photo-1500000090000?auto=format&fit=crop&q=80&w=300,Dehat,FP-1009-SECURED,FACE-RECOGNIZED-89%,Scar on right arm,174 cm,69 kg,Brown,A-,Active,Category A (Hardened Gangster),HS-19/Shivkuti,Regular movements observed near Shivkuti market.,Informer reports suspect active in Prayagraj.,Intelligence inputs point to plans of illegal operations.,Independent,N/A,,"Prayagraj, Western UP","[{""firNumber"":""FIR-109/2025"",""crimeNumber"":""CR-209/2025"",""policeStation"":""Shivkuti"",""district"":""prayagraj"",""sections"":""IPC 392, 395 (Robbery, Dacoity)"",""chargeSheetStatus"":""Under Investigation"",""convictionDetails"":""Under Trial"",""bailStatus"":""Rejected"",""courtCaseDetails"":""District Court Case 509/2025""}]",[],"[{""vehicleNumber"":""UP-19-AB-1009"",""vehicleType"":""Motorcycle (Pulsar)"",""registrationDetails"":""Registered under self""}]",[],Approved,SHO Shivkuti,CO Prayagraj,SP Prayagraj,2026-06-07T17:31:41.662Z
CRM-2026-0010,Ramesh Tiwari,Ramesh alias Chhotu,Chhotu,RamTiwari,Saraswati Devi,Male,1966-06-14,60,9812000010,XXXX-XXXX-3430,"Basti No 20, Sector-20 Area, Noida, UP","Village Dehat, District Noida, UP",https://images.unsplash.com/photo-1500000100000?auto=format&fit=crop&q=80&w=300,Dehat,FP-1010-SECURED,FACE-RECOGNIZED-90%,Scar on right arm,175 cm,70 kg,Black,B+,In Jail,Category B (Active Criminal),HS-20/Sector-20,Regular movements observed near Sector-20 market.,Informer reports suspect active in Noida.,Intelligence inputs point to plans of illegal operations.,Raju Kaana Gang (D-102),Raju Yadav,Sanjay Verma;Alok Pal;Siddharth Yadav,"Noida, Western UP","[{""firNumber"":""FIR-110/2025"",""crimeNumber"":""CR-210/2025"",""policeStation"":""Sector-20"",""district"":""noida"",""sections"":""NDPS Act Sec 18/20 (Drug Smuggling)"",""chargeSheetStatus"":""Filed"",""convictionDetails"":""Convicted"",""bailStatus"":""Rejected"",""courtCaseDetails"":""District Court Case 510/2025""}]","[{""type"":""Residential House"",""address"":""Mohalla Basti, Noida, UP"",""estimatedValue"":""₹50 Lakhs"",""status"":""Attached""}]",[],[],Approved,SHO Sector-20,CO Noida,SP Noida,2026-06-07T17:31:41.663Z
CRM-2026-0011,Dinesh Srivastava,Dinesh alias Netaji,Netaji,RamSrivastava,Saraswati Devi,Male,1998-06-14,28,9812000011,XXXX-XXXX-3431,"Basti No 21, Kavi Nagar Area, Ghaziabad, UP","Village Dehat, District Ghaziabad, UP",https://images.unsplash.com/photo-1500000110000?auto=format&fit=crop&q=80&w=300,Dehat,FP-1011-SECURED,FACE-RECOGNIZED-91%,Scar on right arm,176 cm,71 kg,Black,B-,Out on Bail,Category C (Petty Associate),HS-21/Kavi Nagar,Regular movements observed near Kavi Nagar market.,Informer reports suspect active in Ghaziabad.,Intelligence inputs point to plans of illegal operations.,Gujjar Syndicate (G-110),Gujjar Patel,Amit Gujjar;Vijay Jaiswal;Sandeep Agarwal,"Ghaziabad, Western UP","[{""firNumber"":""FIR-111/2025"",""crimeNumber"":""CR-211/2025"",""policeStation"":""Kavi Nagar"",""district"":""ghaziabad"",""sections"":""IPC 384, 506 (Extortion, Intimidation)"",""chargeSheetStatus"":""Under Investigation"",""convictionDetails"":""Under Trial"",""bailStatus"":""Out on Bail"",""courtCaseDetails"":""District Court Case 511/2025""}]","[{""type"":""Commercial Plot"",""address"":""Mohalla Basti, Ghaziabad, UP"",""estimatedValue"":""₹52 Lakhs"",""status"":""Active""}]","[{""vehicleNumber"":""UP-21-AB-1011"",""vehicleType"":""SUV (Fortuner)"",""registrationDetails"":""Registered under self""}]",[],Approved,SHO Kavi Nagar,CO Ghaziabad,SP Ghaziabad,2026-06-07T17:31:41.663Z
CRM-2026-0012,Sunil Maurya,Sunil alias Raka,Raka,RamMaurya,Saraswati Devi,Male,1985-06-14,41,9812000012,XXXX-XXXX-3432,"Basti No 22, MG Road Area, Agra, UP","Village Dehat, District Agra, UP",https://images.unsplash.com/photo-1500000120000?auto=format&fit=crop&q=80&w=300,Dehat,FP-1012-SECURED,FACE-RECOGNIZED-92%,Scar on right arm,177 cm,72 kg,Brown,O+,Wanted,Category A (Hardened Gangster),HS-22/MG Road,Regular movements observed near MG Road market.,Informer reports suspect active in Agra.,Intelligence inputs point to plans of illegal operations.,Purvanchal Cartel (P-51),Purvanchal Agarwal,Vikram Sharma;Manoj Mishra;Ajay Tripathi,"Agra, Western UP","[{""firNumber"":""FIR-112/2025"",""crimeNumber"":""CR-212/2025"",""policeStation"":""MG Road"",""district"":""agra"",""sections"":""UP Gangsters Act Sec 3(1)"",""chargeSheetStatus"":""Filed"",""convictionDetails"":""Under Trial"",""bailStatus"":""Rejected"",""courtCaseDetails"":""District Court Case 512/2025""}]",[],[],[],Approved,SHO MG Road,CO Agra,SP Agra,2026-06-07T17:31:41.663Z
CRM-2026-0013,Pankaj Verma,Pankaj alias Lamboo,Lamboo,RamVerma,Saraswati Devi,Male,1972-06-14,54,9812000013,XXXX-XXXX-3433,"Basti No 23, Kotwali Area, Kanpur, UP","Village Dehat, District Kanpur, UP",https://images.unsplash.com/photo-1500000130000?auto=format&fit=crop&q=80&w=300,Dehat,FP-1013-SECURED,FACE-RECOGNIZED-93%,Scar on right arm,178 cm,73 kg,Black,O-,Active,Category B (Active Criminal),HS-23/Kotwali,Regular movements observed near Kotwali market.,Informer reports suspect active in Kanpur.,Intelligence inputs point to plans of illegal operations.,Western UP Syndicate (W-88),Western Dubey,Satish Pandey;Anil Patel;Rohan Gupta,"Kanpur, Western UP","[{""firNumber"":""FIR-113/2025"",""crimeNumber"":""CR-213/2025"",""policeStation"":""Kotwali"",""district"":""kanpur"",""sections"":""IPC 420, 467, 468, 471 (Forgery, Cheating)"",""chargeSheetStatus"":""Under Investigation"",""convictionDetails"":""Under Trial"",""bailStatus"":""Rejected"",""courtCaseDetails"":""District Court Case 513/2025""}]","[{""type"":""Commercial Plot"",""address"":""Mohalla Basti, Kanpur, UP"",""estimatedValue"":""₹56 Lakhs"",""status"":""Active""}]","[{""vehicleNumber"":""UP-23-AB-1013"",""vehicleType"":""SUV (Fortuner)"",""registrationDetails"":""Registered under self""}]",[],Approved,SHO Kotwali,CO Kanpur,SP Kanpur,2026-06-07T17:31:41.663Z
CRM-2026-0014,Deepak Singh,Deepak alias Pahalwan,Pahalwan,RamSingh,Saraswati Devi,Male,2004-06-14,22,9812000014,XXXX-XXXX-3434,"Basti No 24, Hazratganj Area, Lucknow, UP","Village Dehat, District Lucknow, UP",https://images.unsplash.com/photo-1500000140000?auto=format&fit=crop&q=80&w=300,Dehat,FP-1014-SECURED,FACE-RECOGNIZED-94%,Scar on right arm,179 cm,74 kg,Black,AB+,In Jail,Category C (Petty Associate),HS-24/Hazratganj,Regular movements observed near Hazratganj market.,Informer reports suspect active in Lucknow.,Intelligence inputs point to plans of illegal operations.,Independent,N/A,,"Lucknow, Western UP","[{""firNumber"":""FIR-114/2025"",""crimeNumber"":""CR-214/2025"",""policeStation"":""Hazratganj"",""district"":""lucknow"",""sections"":""IPC 302, 307, 120B (Murder, Attempt to Murder, Conspiracy)"",""chargeSheetStatus"":""Filed"",""convictionDetails"":""Convicted"",""bailStatus"":""Rejected"",""courtCaseDetails"":""District Court Case 514/2025""}]","[{""type"":""Residential House"",""address"":""Mohalla Basti, Lucknow, UP"",""estimatedValue"":""₹58 Lakhs"",""status"":""Attached""}]",[],[],Approved,SHO Hazratganj,CO Lucknow,SP Lucknow,2026-06-07T17:31:41.663Z
CRM-2026-0015,Alok Pal,Alok alias Palu,Palu,RamPal,Saraswati Devi,Male,1991-06-14,35,9812000015,XXXX-XXXX-3435,"Basti No 25, Bhelupur Area, Varanasi, UP","Village Dehat, District Varanasi, UP",https://images.unsplash.com/photo-1500000150000?auto=format&fit=crop&q=80&w=300,Dehat,FP-1015-SECURED,FACE-RECOGNIZED-95%,Scar on right arm,180 cm,75 kg,Brown,AB-,Out on Bail,Category A (Hardened Gangster),HS-25/Bhelupur,Regular movements observed near Bhelupur market.,Informer reports suspect active in Varanasi.,Intelligence inputs point to plans of illegal operations.,Raju Kaana Gang (D-102),Raju Yadav,Sanjay Verma;Ramesh Tiwari;Siddharth Yadav,"Varanasi, Western UP","[{""firNumber"":""FIR-115/2025"",""crimeNumber"":""CR-215/2025"",""policeStation"":""Bhelupur"",""district"":""varanasi"",""sections"":""Arms Act Sec 25/27, IPC 34 (Illegal Arms Possession)"",""chargeSheetStatus"":""Under Investigation"",""convictionDetails"":""Under Trial"",""bailStatus"":""Out on Bail"",""courtCaseDetails"":""District Court Case 515/2025""}]",[],"[{""vehicleNumber"":""UP-25-AB-1015"",""vehicleType"":""Motorcycle (Pulsar)"",""registrationDetails"":""Registered under self""}]",[],Approved,SHO Bhelupur,CO Varanasi,SP Varanasi,2026-06-07T17:31:41.663Z
CRM-2026-0016,Sandeep Agarwal,Sandeep alias Teesra,Teesra,RamAgarwal,Saraswati Devi,Male,1978-06-14,48,9812000016,XXXX-XXXX-3436,"Basti No 26, Civil Lines Area, Prayagraj, UP","Village Dehat, District Prayagraj, UP",https://images.unsplash.com/photo-1500000160000?auto=format&fit=crop&q=80&w=300,Dehat,FP-1016-SECURED,FACE-RECOGNIZED-96%,Scar on right arm,181 cm,76 kg,Black,A+,Wanted,Category B (Active Criminal),HS-26/Civil Lines,Regular movements observed near Civil Lines market.,Informer reports suspect active in Prayagraj.,Intelligence inputs point to plans of illegal operations.,Gujjar Syndicate (G-110),Gujjar Patel,Amit Gujjar;Vijay Jaiswal;Dinesh Srivastava,"Prayagraj, Western UP","[{""firNumber"":""FIR-116/2025"",""crimeNumber"":""CR-216/2025"",""policeStation"":""Civil Lines"",""district"":""prayagraj"",""sections"":""IPC 392, 395 (Robbery, Dacoity)"",""chargeSheetStatus"":""Filed"",""convictionDetails"":""Under Trial"",""bailStatus"":""Rejected"",""courtCaseDetails"":""District Court Case 516/2025""}]","[{""type"":""Residential House"",""address"":""Mohalla Basti, Prayagraj, UP"",""estimatedValue"":""₹62 Lakhs"",""status"":""Active""}]",[],[],Approved,SHO Civil Lines,CO Prayagraj,SP Prayagraj,2026-06-07T17:31:41.663Z
CRM-2026-0017,Ajay Tripathi,Ajay alias Bambaiya,Bambaiya,RamTripathi,Saraswati Devi,Male,1965-06-14,61,9812000017,XXXX-XXXX-3437,"Basti No 27, Phase-1 Area, Noida, UP","Village Dehat, District Noida, UP",https://images.unsplash.com/photo-1500000170000?auto=format&fit=crop&q=80&w=300,Dehat,FP-1017-SECURED,FACE-RECOGNIZED-97%,Scar on right arm,182 cm,77 kg,Black,A-,Active,Category C (Petty Associate),HS-27/Phase-1,Regular movements observed near Phase-1 market.,Informer reports suspect active in Noida.,Intelligence inputs point to plans of illegal operations.,Purvanchal Cartel (P-51),Purvanchal Agarwal,Vikram Sharma;Manoj Mishra;Sunil Maurya,"Noida, Western UP","[{""firNumber"":""FIR-117/2025"",""crimeNumber"":""CR-217/2025"",""policeStation"":""Phase-1"",""district"":""noida"",""sections"":""NDPS Act Sec 18/20 (Drug Smuggling)"",""chargeSheetStatus"":""Under Investigation"",""convictionDetails"":""Under Trial"",""bailStatus"":""Rejected"",""courtCaseDetails"":""District Court Case 517/2025""}]","[{""type"":""Commercial Plot"",""address"":""Mohalla Basti, Noida, UP"",""estimatedValue"":""₹64 Lakhs"",""status"":""Active""}]","[{""vehicleNumber"":""UP-27-AB-1017"",""vehicleType"":""SUV (Fortuner)"",""registrationDetails"":""Registered under self""}]",[],Approved,SHO Phase-1,CO Noida,SP Noida,2026-06-07T17:31:41.663Z
CRM-2026-0018,Rohan Gupta,Rohan alias Bhai,Bhai,RamGupta,Saraswati Devi,Male,1997-06-14,29,9812000018,XXXX-XXXX-3438,"Basti No 28, Kavi Nagar Area, Ghaziabad, UP","Village Dehat, District Ghaziabad, UP",https://images.unsplash.com/photo-1500000180000?auto=format&fit=crop&q=80&w=300,Dehat,FP-1018-SECURED,FACE-RECOGNIZED-98%,Scar on right arm,183 cm,78 kg,Brown,B+,In Jail,Category A (Hardened Gangster),HS-28/Kavi Nagar,Regular movements observed near Kavi Nagar market.,Informer reports suspect active in Ghaziabad.,Intelligence inputs point to plans of illegal operations.,Western UP Syndicate (W-88),Western Dubey,Satish Pandey;Anil Patel;Pankaj Verma,"Ghaziabad, Western UP","[{""firNumber"":""FIR-118/2025"",""crimeNumber"":""CR-218/2025"",""policeStation"":""Kavi Nagar"",""district"":""ghaziabad"",""sections"":""IPC 384, 506 (Extortion, Intimidation)"",""chargeSheetStatus"":""Filed"",""convictionDetails"":""Convicted"",""bailStatus"":""Rejected"",""courtCaseDetails"":""District Court Case 518/2025""}]",[],[],[],Approved,SHO Kavi Nagar,CO Ghaziabad,SP Ghaziabad,2026-06-07T17:31:41.663Z
CRM-2026-0019,Kunal Saxena,Kunal alias Udan,Udan,RamSaxena,Saraswati Devi,Male,1984-06-14,42,9812000019,XXXX-XXXX-3439,"Basti No 29, MG Road Area, Agra, UP","Village Dehat, District Agra, UP",https://images.unsplash.com/photo-1500000190000?auto=format&fit=crop&q=80&w=300,Dehat,FP-1019-SECURED,FACE-RECOGNIZED-99%,Scar on right arm,184 cm,79 kg,Black,B-,Out on Bail,Category B (Active Criminal),HS-29/MG Road,Regular movements observed near MG Road market.,Informer reports suspect active in Agra.,Intelligence inputs point to plans of illegal operations.,Independent,N/A,,"Agra, Western UP","[{""firNumber"":""FIR-119/2025"",""crimeNumber"":""CR-219/2025"",""policeStation"":""MG Road"",""district"":""agra"",""sections"":""UP Gangsters Act Sec 3(1)"",""chargeSheetStatus"":""Under Investigation"",""convictionDetails"":""Under Trial"",""bailStatus"":""Out on Bail"",""courtCaseDetails"":""District Court Case 519/2025""}]","[{""type"":""Commercial Plot"",""address"":""Mohalla Basti, Agra, UP"",""estimatedValue"":""₹68 Lakhs"",""status"":""Active""}]","[{""vehicleNumber"":""UP-29-AB-1019"",""vehicleType"":""SUV (Fortuner)"",""registrationDetails"":""Registered under self""}]",[],Approved,SHO MG Road,CO Agra,SP Agra,2026-06-07T17:31:41.663Z
CRM-2026-0020,Siddharth Yadav,Siddharth alias Kaana,Kaana,RamYadav,Saraswati Devi,Male,1971-06-14,55,9812000020,XXXX-XXXX-3440,"Basti No 30, Kotwali Area, Kanpur, UP","Village Dehat, District Kanpur, UP",https://images.unsplash.com/photo-1500000200000?auto=format&fit=crop&q=80&w=300,Dehat,FP-1020-SECURED,FACE-RECOGNIZED-80%,Scar on right arm,165 cm,80 kg,Black,O+,Wanted,Category C (Petty Associate),HS-30/Kotwali,Regular movements observed near Kotwali market.,Informer reports suspect active in Kanpur.,Intelligence inputs point to plans of illegal operations.,Raju Kaana Gang (D-102),Raju Yadav,Sanjay Verma;Ramesh Tiwari;Alok Pal,"Kanpur, Western UP","[{""firNumber"":""FIR-120/2025"",""crimeNumber"":""CR-220/2025"",""policeStation"":""Kotwali"",""district"":""kanpur"",""sections"":""IPC 420, 467, 468, 471 (Forgery, Cheating)"",""chargeSheetStatus"":""Filed"",""convictionDetails"":""Under Trial"",""bailStatus"":""Rejected"",""courtCaseDetails"":""District Court Case 520/2025""}]","[{""type"":""Residential House"",""address"":""Mohalla Basti, Kanpur, UP"",""estimatedValue"":""₹70 Lakhs"",""status"":""Active""}]",[],[],Approved,SHO Kotwali,CO Kanpur,SP Kanpur,2026-06-07T17:31:41.663Z
CRM-2026-0021,Rahul Gujjar,Rahul alias Don,Don,RamGujjar,Saraswati Devi,Male,2003-06-14,23,9812000021,XXXX-XXXX-3441,"Basti No 31, Chowk Area, Lucknow, UP","Village Dehat, District Lucknow, UP",https://images.unsplash.com/photo-1500000210000?auto=format&fit=crop&q=80&w=300,Dehat,FP-1021-SECURED,FACE-RECOGNIZED-81%,Scar on right arm,166 cm,81 kg,Brown,O-,Active,Category A (Hardened Gangster),HS-31/Chowk,Regular movements observed near Chowk market.,Informer reports suspect active in Lucknow.,Intelligence inputs point to plans of illegal operations.,Gujjar Syndicate (G-110),Gujjar Patel,Amit Gujjar;Vijay Jaiswal;Dinesh Srivastava,"Lucknow, Western UP","[{""firNumber"":""FIR-121/2025"",""crimeNumber"":""CR-221/2025"",""policeStation"":""Chowk"",""district"":""lucknow"",""sections"":""IPC 302, 307, 120B (Murder, Attempt to Murder, Conspiracy)"",""chargeSheetStatus"":""Under Investigation"",""convictionDetails"":""Under Trial"",""bailStatus"":""Rejected"",""courtCaseDetails"":""District Court Case 521/2025""}]",[],"[{""vehicleNumber"":""UP-31-AB-1021"",""vehicleType"":""Motorcycle (Pulsar)"",""registrationDetails"":""Registered under self""}]",[],Approved,SHO Chowk,CO Lucknow,SP Lucknow,2026-06-07T17:31:41.663Z
CRM-2026-0022,Abhishek Sharma,Abhishek alias Shatir,Shatir,RamSharma,Saraswati Devi,Male,1990-06-14,36,9812000022,XXXX-XXXX-3442,"Basti No 32, Lanka Area, Varanasi, UP","Village Dehat, District Varanasi, UP",https://images.unsplash.com/photo-1500000220000?auto=format&fit=crop&q=80&w=300,Dehat,FP-1022-SECURED,FACE-RECOGNIZED-82%,Scar on right arm,167 cm,82 kg,Black,AB+,In Jail,Category B (Active Criminal),HS-32/Lanka,Regular movements observed near Lanka market.,Informer reports suspect active in Varanasi.,Intelligence inputs point to plans of illegal operations.,Purvanchal Cartel (P-51),Purvanchal Agarwal,Vikram Sharma;Manoj Mishra;Sunil Maurya,"Varanasi, Western UP","[{""firNumber"":""FIR-122/2025"",""crimeNumber"":""CR-222/2025"",""policeStation"":""Lanka"",""district"":""varanasi"",""sections"":""Arms Act Sec 25/27, IPC 34 (Illegal Arms Possession)"",""chargeSheetStatus"":""Filed"",""convictionDetails"":""Convicted"",""bailStatus"":""Rejected"",""courtCaseDetails"":""District Court Case 522/2025""}]","[{""type"":""Residential House"",""address"":""Mohalla Basti, Varanasi, UP"",""estimatedValue"":""₹74 Lakhs"",""status"":""Attached""}]",[],[],Approved,SHO Lanka,CO Varanasi,SP Varanasi,2026-06-07T17:31:41.663Z
CRM-2026-0023,Nitin Pandey,Nitin alias Panditji,Panditji,RamPandey,Saraswati Devi,Male,1977-06-14,49,9812000023,XXXX-XXXX-3443,"Basti No 33, Shivkuti Area, Prayagraj, UP","Village Dehat, District Prayagraj, UP",https://images.unsplash.com/photo-1500000230000?auto=format&fit=crop&q=80&w=300,Dehat,FP-1023-SECURED,FACE-RECOGNIZED-83%,Scar on right arm,168 cm,83 kg,Black,AB-,Out on Bail,Category C (Petty Associate),HS-33/Shivkuti,Regular movements observed near Shivkuti market.,Informer reports suspect active in Prayagraj.,Intelligence inputs point to plans of illegal operations.,Western UP Syndicate (W-88),Western Dubey,Satish Pandey;Anil Patel;Pankaj Verma,"Prayagraj, Western UP","[{""firNumber"":""FIR-123/2025"",""crimeNumber"":""CR-223/2025"",""policeStation"":""Shivkuti"",""district"":""prayagraj"",""sections"":""IPC 392, 395 (Robbery, Dacoity)"",""chargeSheetStatus"":""Under Investigation"",""convictionDetails"":""Under Trial"",""bailStatus"":""Out on Bail"",""courtCaseDetails"":""District Court Case 523/2025""}]","[{""type"":""Commercial Plot"",""address"":""Mohalla Basti, Prayagraj, UP"",""estimatedValue"":""₹76 Lakhs"",""status"":""Active""}]","[{""vehicleNumber"":""UP-33-AB-1023"",""vehicleType"":""SUV (Fortuner)"",""registrationDetails"":""Registered under self""}]",[],Approved,SHO Shivkuti,CO Prayagraj,SP Prayagraj,2026-06-07T17:31:41.663Z
CRM-2026-0024,Arjun Dubey,Arjun alias Ustad,Ustad,RamDubey,Saraswati Devi,Male,1964-06-14,62,9812000024,XXXX-XXXX-3444,"Basti No 34, Sector-20 Area, Noida, UP","Village Dehat, District Noida, UP",https://images.unsplash.com/photo-1500000240000?auto=format&fit=crop&q=80&w=300,Dehat,FP-1024-SECURED,FACE-RECOGNIZED-84%,Scar on right arm,169 cm,84 kg,Brown,A+,Wanted,Category A (Hardened Gangster),HS-34/Sector-20,Regular movements observed near Sector-20 market.,Informer reports suspect active in Noida.,Intelligence inputs point to plans of illegal operations.,Independent,N/A,,"Noida, Western UP","[{""firNumber"":""FIR-124/2025"",""crimeNumber"":""CR-224/2025"",""policeStation"":""Sector-20"",""district"":""noida"",""sections"":""NDPS Act Sec 18/20 (Drug Smuggling)"",""chargeSheetStatus"":""Filed"",""convictionDetails"":""Under Trial"",""bailStatus"":""Rejected"",""courtCaseDetails"":""District Court Case 524/2025""}]",[],[],[],Approved,SHO Sector-20,CO Noida,SP Noida,2026-06-07T17:31:41.663Z
CRM-2026-0025,Dev Verma,Dev alias Tez,Tez,RamVerma,Saraswati Devi,Male,1996-06-14,30,9812000025,XXXX-XXXX-3445,"Basti No 35, Kavi Nagar Area, Ghaziabad, UP","Village Dehat, District Ghaziabad, UP",https://images.unsplash.com/photo-1500000250000?auto=format&fit=crop&q=80&w=300,Dehat,FP-1025-SECURED,FACE-RECOGNIZED-85%,Scar on right arm,170 cm,85 kg,Black,A-,Active,Category B (Active Criminal),HS-35/Kavi Nagar,Regular movements observed near Kavi Nagar market.,Informer reports suspect active in Ghaziabad.,Intelligence inputs point to plans of illegal operations.,Raju Kaana Gang (D-102),Raju Yadav,Sanjay Verma;Ramesh Tiwari;Alok Pal,"Ghaziabad, Western UP","[{""firNumber"":""FIR-125/2025"",""crimeNumber"":""CR-225/2025"",""policeStation"":""Kavi Nagar"",""district"":""ghaziabad"",""sections"":""IPC 384, 506 (Extortion, Intimidation)"",""chargeSheetStatus"":""Under Investigation"",""convictionDetails"":""Under Trial"",""bailStatus"":""Rejected"",""courtCaseDetails"":""District Court Case 525/2025""}]","[{""type"":""Commercial Plot"",""address"":""Mohalla Basti, Ghaziabad, UP"",""estimatedValue"":""₹80 Lakhs"",""status"":""Active""}]","[{""vehicleNumber"":""UP-35-AB-1025"",""vehicleType"":""SUV (Fortuner)"",""registrationDetails"":""Registered under self""}]",[],Approved,SHO Kavi Nagar,CO Ghaziabad,SP Ghaziabad,2026-06-07T17:31:41.663Z
CRM-2026-0026,Yash Jaiswal,Yash alias Shooter,Shooter,RamJaiswal,Saraswati Devi,Male,1983-06-14,43,9812000026,XXXX-XXXX-3446,"Basti No 36, MG Road Area, Agra, UP","Village Dehat, District Agra, UP",https://images.unsplash.com/photo-1500000260000?auto=format&fit=crop&q=80&w=300,Dehat,FP-1026-SECURED,FACE-RECOGNIZED-86%,Scar on right arm,171 cm,86 kg,Black,B+,In Jail,Category C (Petty Associate),HS-36/MG Road,Regular movements observed near MG Road market.,Informer reports suspect active in Agra.,Intelligence inputs point to plans of illegal operations.,Gujjar Syndicate (G-110),Gujjar Patel,Amit Gujjar;Vijay Jaiswal;Dinesh Srivastava,"Agra, Western UP","[{""firNumber"":""FIR-126/2025"",""crimeNumber"":""CR-226/2025"",""policeStation"":""MG Road"",""district"":""agra"",""sections"":""UP Gangsters Act Sec 3(1)"",""chargeSheetStatus"":""Filed"",""convictionDetails"":""Convicted"",""bailStatus"":""Rejected"",""courtCaseDetails"":""District Court Case 526/2025""}]","[{""type"":""Residential House"",""address"":""Mohalla Basti, Agra, UP"",""estimatedValue"":""₹82 Lakhs"",""status"":""Attached""}]",[],[],Approved,SHO MG Road,CO Agra,SP Agra,2026-06-07T17:31:41.663Z
CRM-2026-0027,Vivaan Mishra,Vivaan alias Kalia,Kalia,RamMishra,Saraswati Devi,Male,1970-06-14,56,9812000027,XXXX-XXXX-3447,"Basti No 37, Kotwali Area, Kanpur, UP","Village Dehat, District Kanpur, UP",https://images.unsplash.com/photo-1500000270000?auto=format&fit=crop&q=80&w=300,Dehat,FP-1027-SECURED,FACE-RECOGNIZED-87%,Scar on right arm,172 cm,87 kg,Brown,B-,Out on Bail,Category A (Hardened Gangster),HS-37/Kotwali,Regular movements observed near Kotwali market.,Informer reports suspect active in Kanpur.,Intelligence inputs point to plans of illegal operations.,Purvanchal Cartel (P-51),Purvanchal Agarwal,Vikram Sharma;Manoj Mishra;Sunil Maurya,"Kanpur, Western UP","[{""firNumber"":""FIR-127/2025"",""crimeNumber"":""CR-227/2025"",""policeStation"":""Kotwali"",""district"":""kanpur"",""sections"":""IPC 420, 467, 468, 471 (Forgery, Cheating)"",""chargeSheetStatus"":""Under Investigation"",""convictionDetails"":""Under Trial"",""bailStatus"":""Out on Bail"",""courtCaseDetails"":""District Court Case 527/2025""}]",[],"[{""vehicleNumber"":""UP-37-AB-1027"",""vehicleType"":""Motorcycle (Pulsar)"",""registrationDetails"":""Registered under self""}]",[],Approved,SHO Kotwali,CO Kanpur,SP Kanpur,2026-06-07T17:31:41.663Z
CRM-2026-0028,Aarav Patel,Aarav alias Kabootar,Kabootar,RamPatel,Saraswati Devi,Male,2002-06-14,24,9812000028,XXXX-XXXX-3448,"Basti No 38, Hazratganj Area, Lucknow, UP","Village Dehat, District Lucknow, UP",https://images.unsplash.com/photo-1500000280000?auto=format&fit=crop&q=80&w=300,Dehat,FP-1028-SECURED,FACE-RECOGNIZED-88%,Scar on right arm,173 cm,88 kg,Black,O+,Wanted,Category B (Active Criminal),HS-38/Hazratganj,Regular movements observed near Hazratganj market.,Informer reports suspect active in Lucknow.,Intelligence inputs point to plans of illegal operations.,Western UP Syndicate (W-88),Western Dubey,Satish Pandey;Anil Patel;Pankaj Verma,"Lucknow, Western UP","[{""firNumber"":""FIR-128/2025"",""crimeNumber"":""CR-228/2025"",""policeStation"":""Hazratganj"",""district"":""lucknow"",""sections"":""IPC 302, 307, 120B (Murder, Attempt to Murder, Conspiracy)"",""chargeSheetStatus"":""Filed"",""convictionDetails"":""Under Trial"",""bailStatus"":""Rejected"",""courtCaseDetails"":""District Court Case 528/2025""}]","[{""type"":""Residential House"",""address"":""Mohalla Basti, Lucknow, UP"",""estimatedValue"":""₹86 Lakhs"",""status"":""Active""}]",[],[],Approved,SHO Hazratganj,CO Lucknow,SP Lucknow,2026-06-07T17:31:41.663Z
CRM-2026-0029,Kabir Chauhan,Kabir alias Fauji,Fauji,RamChauhan,Saraswati Devi,Male,1989-06-14,37,9812000029,XXXX-XXXX-3449,"Basti No 39, Bhelupur Area, Varanasi, UP","Village Dehat, District Varanasi, UP",https://images.unsplash.com/photo-1500000290000?auto=format&fit=crop&q=80&w=300,Dehat,FP-1029-SECURED,FACE-RECOGNIZED-89%,Scar on right arm,174 cm,89 kg,Black,O-,Active,Category C (Petty Associate),HS-39/Bhelupur,Regular movements observed near Bhelupur market.,Informer reports suspect active in Varanasi.,Intelligence inputs point to plans of illegal operations.,Independent,N/A,,"Varanasi, Western UP","[{""firNumber"":""FIR-129/2025"",""crimeNumber"":""CR-229/2025"",""policeStation"":""Bhelupur"",""district"":""varanasi"",""sections"":""Arms Act Sec 25/27, IPC 34 (Illegal Arms Possession)"",""chargeSheetStatus"":""Under Investigation"",""convictionDetails"":""Under Trial"",""bailStatus"":""Rejected"",""courtCaseDetails"":""District Court Case 529/2025""}]","[{""type"":""Commercial Plot"",""address"":""Mohalla Basti, Varanasi, UP"",""estimatedValue"":""₹88 Lakhs"",""status"":""Active""}]","[{""vehicleNumber"":""UP-39-AB-1029"",""vehicleType"":""SUV (Fortuner)"",""registrationDetails"":""Registered under self""}]",[],Approved,SHO Bhelupur,CO Varanasi,SP Varanasi,2026-06-07T17:31:41.663Z
CRM-2026-0030,Rohit Tiwari,Rohit alias Chhotu,Chhotu,RamTiwari,Saraswati Devi,Male,1976-06-14,50,9812000030,XXXX-XXXX-3450,"Basti No 40, Civil Lines Area, Prayagraj, UP","Village Dehat, District Prayagraj, UP",https://images.unsplash.com/photo-1500000300000?auto=format&fit=crop&q=80&w=300,Dehat,FP-1030-SECURED,FACE-RECOGNIZED-90%,Scar on right arm,175 cm,60 kg,Brown,AB+,In Jail,Category A (Hardened Gangster),HS-40/Civil Lines,Regular movements observed near Civil Lines market.,Informer reports suspect active in Prayagraj.,Intelligence inputs point to plans of illegal operations.,Raju Kaana Gang (D-102),Raju Yadav,Sanjay Verma;Ramesh Tiwari;Alok Pal,"Prayagraj, Western UP","[{""firNumber"":""FIR-130/2025"",""crimeNumber"":""CR-230/2025"",""policeStation"":""Civil Lines"",""district"":""prayagraj"",""sections"":""IPC 392, 395 (Robbery, Dacoity)"",""chargeSheetStatus"":""Filed"",""convictionDetails"":""Convicted"",""bailStatus"":""Rejected"",""courtCaseDetails"":""District Court Case 530/2025""}]",[],[],[],Approved,SHO Civil Lines,CO Prayagraj,SP Prayagraj,2026-06-07T17:31:41.663Z
CRM-2026-0031,Sumit Srivastava,Sumit alias Netaji,Netaji,RamSrivastava,Saraswati Devi,Male,1963-06-14,63,9812000031,XXXX-XXXX-3451,"Basti No 41, Phase-1 Area, Noida, UP","Village Dehat, District Noida, UP",https://images.unsplash.com/photo-1500000310000?auto=format&fit=crop&q=80&w=300,Dehat,FP-1031-SECURED,FACE-RECOGNIZED-91%,Scar on right arm,176 cm,61 kg,Black,AB-,Out on Bail,Category B (Active Criminal),HS-41/Phase-1,Regular movements observed near Phase-1 market.,Informer reports suspect active in Noida.,Intelligence inputs point to plans of illegal operations.,Gujjar Syndicate (G-110),Gujjar Patel,Amit Gujjar;Vijay Jaiswal;Dinesh Srivastava,"Noida, Western UP","[{""firNumber"":""FIR-131/2025"",""crimeNumber"":""CR-231/2025"",""policeStation"":""Phase-1"",""district"":""noida"",""sections"":""NDPS Act Sec 18/20 (Drug Smuggling)"",""chargeSheetStatus"":""Under Investigation"",""convictionDetails"":""Under Trial"",""bailStatus"":""Out on Bail"",""courtCaseDetails"":""District Court Case 531/2025""}]","[{""type"":""Commercial Plot"",""address"":""Mohalla Basti, Noida, UP"",""estimatedValue"":""₹92 Lakhs"",""status"":""Active""}]","[{""vehicleNumber"":""UP-41-AB-1031"",""vehicleType"":""SUV (Fortuner)"",""registrationDetails"":""Registered under self""}]",[],Approved,SHO Phase-1,CO Noida,SP Noida,2026-06-07T17:31:41.663Z
CRM-2026-0032,Vikrant Maurya,Vikrant alias Raka,Raka,RamMaurya,Saraswati Devi,Male,1995-06-14,31,9812000032,XXXX-XXXX-3452,"Basti No 42, Kavi Nagar Area, Ghaziabad, UP","Village Dehat, District Ghaziabad, UP",https://images.unsplash.com/photo-1500000320000?auto=format&fit=crop&q=80&w=300,Dehat,FP-1032-SECURED,FACE-RECOGNIZED-92%,Scar on right arm,177 cm,62 kg,Black,A+,Wanted,Category C (Petty Associate),HS-42/Kavi Nagar,Regular movements observed near Kavi Nagar market.,Informer reports suspect active in Ghaziabad.,Intelligence inputs point to plans of illegal operations.,Purvanchal Cartel (P-51),Purvanchal Agarwal,Vikram Sharma;Manoj Mishra;Sunil Maurya,"Ghaziabad, Western UP","[{""firNumber"":""FIR-132/2025"",""crimeNumber"":""CR-232/2025"",""policeStation"":""Kavi Nagar"",""district"":""ghaziabad"",""sections"":""IPC 384, 506 (Extortion, Intimidation)"",""chargeSheetStatus"":""Filed"",""convictionDetails"":""Under Trial"",""bailStatus"":""Rejected"",""courtCaseDetails"":""District Court Case 532/2025""}]","[{""type"":""Residential House"",""address"":""Mohalla Basti, Ghaziabad, UP"",""estimatedValue"":""₹94 Lakhs"",""status"":""Active""}]",[],[],Approved,SHO Kavi Nagar,CO Ghaziabad,SP Ghaziabad,2026-06-07T17:31:41.663Z
CRM-2026-0033,Harish Verma,Harish alias Lamboo,Lamboo,RamVerma,Saraswati Devi,Male,1982-06-14,44,9812000033,XXXX-XXXX-3453,"Basti No 43, MG Road Area, Agra, UP","Village Dehat, District Agra, UP",https://images.unsplash.com/photo-1500000330000?auto=format&fit=crop&q=80&w=300,Dehat,FP-1033-SECURED,FACE-RECOGNIZED-93%,Scar on right arm,178 cm,63 kg,Brown,A-,Active,Category A (Hardened Gangster),HS-43/MG Road,Regular movements observed near MG Road market.,Informer reports suspect active in Agra.,Intelligence inputs point to plans of illegal operations.,Western UP Syndicate (W-88),Western Dubey,Satish Pandey;Anil Patel;Pankaj Verma,"Agra, Western UP","[{""firNumber"":""FIR-133/2025"",""crimeNumber"":""CR-233/2025"",""policeStation"":""MG Road"",""district"":""agra"",""sections"":""UP Gangsters Act Sec 3(1)"",""chargeSheetStatus"":""Under Investigation"",""convictionDetails"":""Under Trial"",""bailStatus"":""Rejected"",""courtCaseDetails"":""District Court Case 533/2025""}]",[],"[{""vehicleNumber"":""UP-43-AB-1033"",""vehicleType"":""Motorcycle (Pulsar)"",""registrationDetails"":""Registered under self""}]",[],Approved,SHO MG Road,CO Agra,SP Agra,2026-06-07T17:31:41.663Z
CRM-2026-0034,Gaurav Singh,Gaurav alias Pahalwan,Pahalwan,RamSingh,Saraswati Devi,Male,1969-06-14,57,9812000034,XXXX-XXXX-3454,"Basti No 44, Kotwali Area, Kanpur, UP","Village Dehat, District Kanpur, UP",https://images.unsplash.com/photo-1500000340000?auto=format&fit=crop&q=80&w=300,Dehat,FP-1034-SECURED,FACE-RECOGNIZED-94%,Scar on right arm,179 cm,64 kg,Black,B+,In Jail,Category B (Active Criminal),HS-44/Kotwali,Regular movements observed near Kotwali market.,Informer reports suspect active in Kanpur.,Intelligence inputs point to plans of illegal operations.,Independent,N/A,,"Kanpur, Western UP","[{""firNumber"":""FIR-134/2025"",""crimeNumber"":""CR-234/2025"",""policeStation"":""Kotwali"",""district"":""kanpur"",""sections"":""IPC 420, 467, 468, 471 (Forgery, Cheating)"",""chargeSheetStatus"":""Filed"",""convictionDetails"":""Convicted"",""bailStatus"":""Rejected"",""courtCaseDetails"":""District Court Case 534/2025""}]","[{""type"":""Residential House"",""address"":""Mohalla Basti, Kanpur, UP"",""estimatedValue"":""₹98 Lakhs"",""status"":""Attached""}]",[],[],Approved,SHO Kotwali,CO Kanpur,SP Kanpur,2026-06-07T17:31:41.663Z
CRM-2026-0035,Manish Pal,Manish alias Palu,Palu,RamPal,Saraswati Devi,Male,2001-06-14,25,9812000035,XXXX-XXXX-3455,"Basti No 45, Chowk Area, Lucknow, UP","Village Dehat, District Lucknow, UP",https://images.unsplash.com/photo-1500000350000?auto=format&fit=crop&q=80&w=300,Dehat,FP-1035-SECURED,FACE-RECOGNIZED-95%,Scar on right arm,180 cm,65 kg,Black,B-,Out on Bail,Category C (Petty Associate),HS-45/Chowk,Regular movements observed near Chowk market.,Informer reports suspect active in Lucknow.,Intelligence inputs point to plans of illegal operations.,Raju Kaana Gang (D-102),Raju Yadav,Sanjay Verma;Ramesh Tiwari;Alok Pal,"Lucknow, Western UP","[{""firNumber"":""FIR-135/2025"",""crimeNumber"":""CR-235/2025"",""policeStation"":""Chowk"",""district"":""lucknow"",""sections"":""IPC 302, 307, 120B (Murder, Attempt to Murder, Conspiracy)"",""chargeSheetStatus"":""Under Investigation"",""convictionDetails"":""Under Trial"",""bailStatus"":""Out on Bail"",""courtCaseDetails"":""District Court Case 535/2025""}]","[{""type"":""Commercial Plot"",""address"":""Mohalla Basti, Lucknow, UP"",""estimatedValue"":""₹100 Lakhs"",""status"":""Active""}]","[{""vehicleNumber"":""UP-45-AB-1035"",""vehicleType"":""SUV (Fortuner)"",""registrationDetails"":""Registered under self""}]",[],Approved,SHO Chowk,CO Lucknow,SP Lucknow,2026-06-07T17:31:41.663Z
CRM-2026-0036,Neeraj Agarwal,Neeraj alias Teesra,Teesra,RamAgarwal,Saraswati Devi,Male,1988-06-14,38,9812000036,XXXX-XXXX-3456,"Basti No 46, Lanka Area, Varanasi, UP","Village Dehat, District Varanasi, UP",https://images.unsplash.com/photo-1500000360000?auto=format&fit=crop&q=80&w=300,Dehat,FP-1036-SECURED,FACE-RECOGNIZED-96%,Scar on right arm,181 cm,66 kg,Brown,O+,Wanted,Category A (Hardened Gangster),HS-46/Lanka,Regular movements observed near Lanka market.,Informer reports suspect active in Varanasi.,Intelligence inputs point to plans of illegal operations.,Gujjar Syndicate (G-110),Gujjar Patel,Amit Gujjar;Vijay Jaiswal;Dinesh Srivastava,"Varanasi, Western UP","[{""firNumber"":""FIR-136/2025"",""crimeNumber"":""CR-236/2025"",""policeStation"":""Lanka"",""district"":""varanasi"",""sections"":""Arms Act Sec 25/27, IPC 34 (Illegal Arms Possession)"",""chargeSheetStatus"":""Filed"",""convictionDetails"":""Under Trial"",""bailStatus"":""Rejected"",""courtCaseDetails"":""District Court Case 536/2025""}]",[],[],[],Approved,SHO Lanka,CO Varanasi,SP Varanasi,2026-06-07T17:31:41.663Z
CRM-2026-0037,Pradeep Tripathi,Pradeep alias Bambaiya,Bambaiya,RamTripathi,Saraswati Devi,Male,1975-06-14,51,9812000037,XXXX-XXXX-3457,"Basti No 47, Shivkuti Area, Prayagraj, UP","Village Dehat, District Prayagraj, UP",https://images.unsplash.com/photo-1500000370000?auto=format&fit=crop&q=80&w=300,Dehat,FP-1037-SECURED,FACE-RECOGNIZED-97%,Scar on right arm,182 cm,67 kg,Black,O-,Active,Category B (Active Criminal),HS-47/Shivkuti,Regular movements observed near Shivkuti market.,Informer reports suspect active in Prayagraj.,Intelligence inputs point to plans of illegal operations.,Purvanchal Cartel (P-51),Purvanchal Agarwal,Vikram Sharma;Manoj Mishra;Sunil Maurya,"Prayagraj, Western UP","[{""firNumber"":""FIR-137/2025"",""crimeNumber"":""CR-237/2025"",""policeStation"":""Shivkuti"",""district"":""prayagraj"",""sections"":""IPC 392, 395 (Robbery, Dacoity)"",""chargeSheetStatus"":""Under Investigation"",""convictionDetails"":""Under Trial"",""bailStatus"":""Rejected"",""courtCaseDetails"":""District Court Case 537/2025""}]","[{""type"":""Commercial Plot"",""address"":""Mohalla Basti, Prayagraj, UP"",""estimatedValue"":""₹104 Lakhs"",""status"":""Active""}]","[{""vehicleNumber"":""UP-47-AB-1037"",""vehicleType"":""SUV (Fortuner)"",""registrationDetails"":""Registered under self""}]",[],Approved,SHO Shivkuti,CO Prayagraj,SP Prayagraj,2026-06-07T17:31:41.663Z
CRM-2026-0038,Ashok Gupta,Ashok alias Bhai,Bhai,RamGupta,Saraswati Devi,Male,1962-06-14,64,9812000038,XXXX-XXXX-3458,"Basti No 48, Sector-20 Area, Noida, UP","Village Dehat, District Noida, UP",https://images.unsplash.com/photo-1500000380000?auto=format&fit=crop&q=80&w=300,Dehat,FP-1038-SECURED,FACE-RECOGNIZED-98%,Scar on right arm,183 cm,68 kg,Black,AB+,In Jail,Category C (Petty Associate),HS-48/Sector-20,Regular movements observed near Sector-20 market.,Informer reports suspect active in Noida.,Intelligence inputs point to plans of illegal operations.,Western UP Syndicate (W-88),Western Dubey,Satish Pandey;Anil Patel;Pankaj Verma,"Noida, Western UP","[{""firNumber"":""FIR-138/2025"",""crimeNumber"":""CR-238/2025"",""policeStation"":""Sector-20"",""district"":""noida"",""sections"":""NDPS Act Sec 18/20 (Drug Smuggling)"",""chargeSheetStatus"":""Filed"",""convictionDetails"":""Convicted"",""bailStatus"":""Rejected"",""courtCaseDetails"":""District Court Case 538/2025""}]","[{""type"":""Residential House"",""address"":""Mohalla Basti, Noida, UP"",""estimatedValue"":""₹106 Lakhs"",""status"":""Attached""}]",[],[],Approved,SHO Sector-20,CO Noida,SP Noida,2026-06-07T17:31:41.663Z
CRM-2026-0039,Jitendra Saxena,Jitendra alias Udan,Udan,RamSaxena,Saraswati Devi,Male,1994-06-14,32,9812000039,XXXX-XXXX-3459,"Basti No 49, Kavi Nagar Area, Ghaziabad, UP","Village Dehat, District Ghaziabad, UP",https://images.unsplash.com/photo-1500000390000?auto=format&fit=crop&q=80&w=300,Dehat,FP-1039-SECURED,FACE-RECOGNIZED-99%,Scar on right arm,184 cm,69 kg,Brown,AB-,Out on Bail,Category A (Hardened Gangster),HS-49/Kavi Nagar,Regular movements observed near Kavi Nagar market.,Informer reports suspect active in Ghaziabad.,Intelligence inputs point to plans of illegal operations.,Independent,N/A,,"Ghaziabad, Western UP","[{""firNumber"":""FIR-139/2025"",""crimeNumber"":""CR-239/2025"",""policeStation"":""Kavi Nagar"",""district"":""ghaziabad"",""sections"":""IPC 384, 506 (Extortion, Intimidation)"",""chargeSheetStatus"":""Under Investigation"",""convictionDetails"":""Under Trial"",""bailStatus"":""Out on Bail"",""courtCaseDetails"":""District Court Case 539/2025""}]",[],"[{""vehicleNumber"":""UP-49-AB-1039"",""vehicleType"":""Motorcycle (Pulsar)"",""registrationDetails"":""Registered under self""}]",[],Approved,SHO Kavi Nagar,CO Ghaziabad,SP Ghaziabad,2026-06-07T17:31:41.663Z
CRM-2026-0040,Akhilesh Yadav,Akhilesh alias Kaana,Kaana,RamYadav,Saraswati Devi,Male,1981-06-14,45,9812000040,XXXX-XXXX-3460,"Basti No 50, MG Road Area, Agra, UP","Village Dehat, District Agra, UP",https://images.unsplash.com/photo-1500000400000?auto=format&fit=crop&q=80&w=300,Dehat,FP-1040-SECURED,FACE-RECOGNIZED-80%,Scar on right arm,165 cm,70 kg,Black,A+,Wanted,Category B (Active Criminal),HS-50/MG Road,Regular movements observed near MG Road market.,Informer reports suspect active in Agra.,Intelligence inputs point to plans of illegal operations.,Raju Kaana Gang (D-102),Raju Yadav,Sanjay Verma;Ramesh Tiwari;Alok Pal,"Agra, Western UP","[{""firNumber"":""FIR-140/2025"",""crimeNumber"":""CR-240/2025"",""policeStation"":""MG Road"",""district"":""agra"",""sections"":""UP Gangsters Act Sec 3(1)"",""chargeSheetStatus"":""Filed"",""convictionDetails"":""Under Trial"",""bailStatus"":""Rejected"",""courtCaseDetails"":""District Court Case 540/2025""}]","[{""type"":""Residential House"",""address"":""Mohalla Basti, Agra, UP"",""estimatedValue"":""₹110 Lakhs"",""status"":""Active""}]",[],[],Approved,SHO MG Road,CO Agra,SP Agra,2026-06-07T17:31:41.663Z
CRM-2026-0041,Mayank Gujjar,Mayank alias Don,Don,RamGujjar,Saraswati Devi,Male,1968-06-14,58,9812000041,XXXX-XXXX-3461,"Basti No 51, Kotwali Area, Kanpur, UP","Village Dehat, District Kanpur, UP",https://images.unsplash.com/photo-1500000410000?auto=format&fit=crop&q=80&w=300,Dehat,FP-1041-SECURED,FACE-RECOGNIZED-81%,Scar on right arm,166 cm,71 kg,Black,A-,Active,Category C (Petty Associate),HS-51/Kotwali,Regular movements observed near Kotwali market.,Informer reports suspect active in Kanpur.,Intelligence inputs point to plans of illegal operations.,Gujjar Syndicate (G-110),Gujjar Patel,Amit Gujjar;Vijay Jaiswal;Dinesh Srivastava,"Kanpur, Western UP","[{""firNumber"":""FIR-141/2025"",""crimeNumber"":""CR-241/2025"",""policeStation"":""Kotwali"",""district"":""kanpur"",""sections"":""IPC 420, 467, 468, 471 (Forgery, Cheating)"",""chargeSheetStatus"":""Under Investigation"",""convictionDetails"":""Under Trial"",""bailStatus"":""Rejected"",""courtCaseDetails"":""District Court Case 541/2025""}]","[{""type"":""Commercial Plot"",""address"":""Mohalla Basti, Kanpur, UP"",""estimatedValue"":""₹112 Lakhs"",""status"":""Active""}]","[{""vehicleNumber"":""UP-51-AB-1041"",""vehicleType"":""SUV (Fortuner)"",""registrationDetails"":""Registered under self""}]",[],Approved,SHO Kotwali,CO Kanpur,SP Kanpur,2026-06-07T17:31:41.663Z
CRM-2026-0042,Varun Sharma,Varun alias Shatir,Shatir,RamSharma,Saraswati Devi,Male,2000-06-14,26,9812000042,XXXX-XXXX-3462,"Basti No 52, Hazratganj Area, Lucknow, UP","Village Dehat, District Lucknow, UP",https://images.unsplash.com/photo-1500000420000?auto=format&fit=crop&q=80&w=300,Dehat,FP-1042-SECURED,FACE-RECOGNIZED-82%,Scar on right arm,167 cm,72 kg,Brown,B+,In Jail,Category A (Hardened Gangster),HS-52/Hazratganj,Regular movements observed near Hazratganj market.,Informer reports suspect active in Lucknow.,Intelligence inputs point to plans of illegal operations.,Purvanchal Cartel (P-51),Purvanchal Agarwal,Vikram Sharma;Manoj Mishra;Sunil Maurya,"Lucknow, Western UP","[{""firNumber"":""FIR-142/2025"",""crimeNumber"":""CR-242/2025"",""policeStation"":""Hazratganj"",""district"":""lucknow"",""sections"":""IPC 302, 307, 120B (Murder, Attempt to Murder, Conspiracy)"",""chargeSheetStatus"":""Filed"",""convictionDetails"":""Convicted"",""bailStatus"":""Rejected"",""courtCaseDetails"":""District Court Case 542/2025""}]",[],[],[],Approved,SHO Hazratganj,CO Lucknow,SP Lucknow,2026-06-07T17:31:41.663Z
CRM-2026-0043,Tarun Pandey,Tarun alias Panditji,Panditji,RamPandey,Saraswati Devi,Male,1987-06-14,39,9812000043,XXXX-XXXX-3463,"Basti No 53, Bhelupur Area, Varanasi, UP","Village Dehat, District Varanasi, UP",https://images.unsplash.com/photo-1500000430000?auto=format&fit=crop&q=80&w=300,Dehat,FP-1043-SECURED,FACE-RECOGNIZED-83%,Scar on right arm,168 cm,73 kg,Black,B-,Out on Bail,Category B (Active Criminal),HS-53/Bhelupur,Regular movements observed near Bhelupur market.,Informer reports suspect active in Varanasi.,Intelligence inputs point to plans of illegal operations.,Western UP Syndicate (W-88),Western Dubey,Satish Pandey;Anil Patel;Pankaj Verma,"Varanasi, Western UP","[{""firNumber"":""FIR-143/2025"",""crimeNumber"":""CR-243/2025"",""policeStation"":""Bhelupur"",""district"":""varanasi"",""sections"":""Arms Act Sec 25/27, IPC 34 (Illegal Arms Possession)"",""chargeSheetStatus"":""Under Investigation"",""convictionDetails"":""Under Trial"",""bailStatus"":""Out on Bail"",""courtCaseDetails"":""District Court Case 543/2025""}]","[{""type"":""Commercial Plot"",""address"":""Mohalla Basti, Varanasi, UP"",""estimatedValue"":""₹116 Lakhs"",""status"":""Active""}]","[{""vehicleNumber"":""UP-53-AB-1043"",""vehicleType"":""SUV (Fortuner)"",""registrationDetails"":""Registered under self""}]",[],Approved,SHO Bhelupur,CO Varanasi,SP Varanasi,2026-06-07T17:31:41.663Z
CRM-2026-0044,Piyush Dubey,Piyush alias Ustad,Ustad,RamDubey,Saraswati Devi,Male,1974-06-14,52,9812000044,XXXX-XXXX-3464,"Basti No 54, Civil Lines Area, Prayagraj, UP","Village Dehat, District Prayagraj, UP",https://images.unsplash.com/photo-1500000440000?auto=format&fit=crop&q=80&w=300,Dehat,FP-1044-SECURED,FACE-RECOGNIZED-84%,Scar on right arm,169 cm,74 kg,Black,O+,Wanted,Category C (Petty Associate),HS-54/Civil Lines,Regular movements observed near Civil Lines market.,Informer reports suspect active in Prayagraj.,Intelligence inputs point to plans of illegal operations.,Independent,N/A,,"Prayagraj, Western UP","[{""firNumber"":""FIR-144/2025"",""crimeNumber"":""CR-244/2025"",""policeStation"":""Civil Lines"",""district"":""prayagraj"",""sections"":""IPC 392, 395 (Robbery, Dacoity)"",""chargeSheetStatus"":""Filed"",""convictionDetails"":""Under Trial"",""bailStatus"":""Rejected"",""courtCaseDetails"":""District Court Case 544/2025""}]","[{""type"":""Residential House"",""address"":""Mohalla Basti, Prayagraj, UP"",""estimatedValue"":""₹118 Lakhs"",""status"":""Active""}]",[],[],Approved,SHO Civil Lines,CO Prayagraj,SP Prayagraj,2026-06-07T17:31:41.663Z
CRM-2026-0045,Aditya Verma,Aditya alias Tez,Tez,RamVerma,Saraswati Devi,Male,2006-06-14,20,9812000045,XXXX-XXXX-3465,"Basti No 55, Phase-1 Area, Noida, UP","Village Dehat, District Noida, UP",https://images.unsplash.com/photo-1500000450000?auto=format&fit=crop&q=80&w=300,Dehat,FP-1045-SECURED,FACE-RECOGNIZED-85%,Scar on right arm,170 cm,75 kg,Brown,O-,Active,Category A (Hardened Gangster),HS-55/Phase-1,Regular movements observed near Phase-1 market.,Informer reports suspect active in Noida.,Intelligence inputs point to plans of illegal operations.,Raju Kaana Gang (D-102),Raju Yadav,Sanjay Verma;Ramesh Tiwari;Alok Pal,"Noida, Western UP","[{""firNumber"":""FIR-145/2025"",""crimeNumber"":""CR-245/2025"",""policeStation"":""Phase-1"",""district"":""noida"",""sections"":""NDPS Act Sec 18/20 (Drug Smuggling)"",""chargeSheetStatus"":""Under Investigation"",""convictionDetails"":""Under Trial"",""bailStatus"":""Rejected"",""courtCaseDetails"":""District Court Case 545/2025""}]",[],"[{""vehicleNumber"":""UP-55-AB-1045"",""vehicleType"":""Motorcycle (Pulsar)"",""registrationDetails"":""Registered under self""}]",[],Approved,SHO Phase-1,CO Noida,SP Noida,2026-06-07T17:31:41.663Z
CRM-2026-0046,Rajat Jaiswal,Rajat alias Shooter,Shooter,RamJaiswal,Saraswati Devi,Male,1993-06-14,33,9812000046,XXXX-XXXX-3466,"Basti No 56, Kavi Nagar Area, Ghaziabad, UP","Village Dehat, District Ghaziabad, UP",https://images.unsplash.com/photo-1500000460000?auto=format&fit=crop&q=80&w=300,Dehat,FP-1046-SECURED,FACE-RECOGNIZED-86%,Scar on right arm,171 cm,76 kg,Black,AB+,In Jail,Category B (Active Criminal),HS-56/Kavi Nagar,Regular movements observed near Kavi Nagar market.,Informer reports suspect active in Ghaziabad.,Intelligence inputs point to plans of illegal operations.,Gujjar Syndicate (G-110),Gujjar Patel,Amit Gujjar;Vijay Jaiswal;Dinesh Srivastava,"Ghaziabad, Western UP","[{""firNumber"":""FIR-146/2025"",""crimeNumber"":""CR-246/2025"",""policeStation"":""Kavi Nagar"",""district"":""ghaziabad"",""sections"":""IPC 384, 506 (Extortion, Intimidation)"",""chargeSheetStatus"":""Filed"",""convictionDetails"":""Convicted"",""bailStatus"":""Rejected"",""courtCaseDetails"":""District Court Case 546/2025""}]","[{""type"":""Residential House"",""address"":""Mohalla Basti, Ghaziabad, UP"",""estimatedValue"":""₹122 Lakhs"",""status"":""Attached""}]",[],[],Approved,SHO Kavi Nagar,CO Ghaziabad,SP Ghaziabad,2026-06-07T17:31:41.663Z
CRM-2026-0047,Harsh Mishra,Harsh alias Kalia,Kalia,RamMishra,Saraswati Devi,Male,1980-06-14,46,9812000047,XXXX-XXXX-3467,"Basti No 57, MG Road Area, Agra, UP","Village Dehat, District Agra, UP",https://images.unsplash.com/photo-1500000470000?auto=format&fit=crop&q=80&w=300,Dehat,FP-1047-SECURED,FACE-RECOGNIZED-87%,Scar on right arm,172 cm,77 kg,Black,AB-,Out on Bail,Category C (Petty Associate),HS-57/MG Road,Regular movements observed near MG Road market.,Informer reports suspect active in Agra.,Intelligence inputs point to plans of illegal operations.,Purvanchal Cartel (P-51),Purvanchal Agarwal,Vikram Sharma;Manoj Mishra;Sunil Maurya,"Agra, Western UP","[{""firNumber"":""FIR-147/2025"",""crimeNumber"":""CR-247/2025"",""policeStation"":""MG Road"",""district"":""agra"",""sections"":""UP Gangsters Act Sec 3(1)"",""chargeSheetStatus"":""Under Investigation"",""convictionDetails"":""Under Trial"",""bailStatus"":""Out on Bail"",""courtCaseDetails"":""District Court Case 547/2025""}]","[{""type"":""Commercial Plot"",""address"":""Mohalla Basti, Agra, UP"",""estimatedValue"":""₹124 Lakhs"",""status"":""Active""}]","[{""vehicleNumber"":""UP-57-AB-1047"",""vehicleType"":""SUV (Fortuner)"",""registrationDetails"":""Registered under self""}]",[],Approved,SHO MG Road,CO Agra,SP Agra,2026-06-07T17:31:41.663Z
CRM-2026-0048,Ankit Patel,Ankit alias Kabootar,Kabootar,RamPatel,Saraswati Devi,Male,1967-06-14,59,9812000048,XXXX-XXXX-3468,"Basti No 58, Kotwali Area, Kanpur, UP","Village Dehat, District Kanpur, UP",https://images.unsplash.com/photo-1500000480000?auto=format&fit=crop&q=80&w=300,Dehat,FP-1048-SECURED,FACE-RECOGNIZED-88%,Scar on right arm,173 cm,78 kg,Brown,A+,Wanted,Category A (Hardened Gangster),HS-58/Kotwali,Regular movements observed near Kotwali market.,Informer reports suspect active in Kanpur.,Intelligence inputs point to plans of illegal operations.,Western UP Syndicate (W-88),Western Dubey,Satish Pandey;Anil Patel;Pankaj Verma,"Kanpur, Western UP","[{""firNumber"":""FIR-148/2025"",""crimeNumber"":""CR-248/2025"",""policeStation"":""Kotwali"",""district"":""kanpur"",""sections"":""IPC 420, 467, 468, 471 (Forgery, Cheating)"",""chargeSheetStatus"":""Filed"",""convictionDetails"":""Under Trial"",""bailStatus"":""Rejected"",""courtCaseDetails"":""District Court Case 548/2025""}]",[],[],[],Approved,SHO Kotwali,CO Kanpur,SP Kanpur,2026-06-07T17:31:41.663Z
CRM-2026-0049,Akash Chauhan,Akash alias Fauji,Fauji,RamChauhan,Saraswati Devi,Male,1999-06-14,27,9812000049,XXXX-XXXX-3469,"Basti No 59, Chowk Area, Lucknow, UP","Village Dehat, District Lucknow, UP",https://images.unsplash.com/photo-1500000490000?auto=format&fit=crop&q=80&w=300,Dehat,FP-1049-SECURED,FACE-RECOGNIZED-89%,Scar on right arm,174 cm,79 kg,Black,A-,Active,Category B (Active Criminal),HS-59/Chowk,Regular movements observed near Chowk market.,Informer reports suspect active in Lucknow.,Intelligence inputs point to plans of illegal operations.,Independent,N/A,,"Lucknow, Western UP","[{""firNumber"":""FIR-149/2025"",""crimeNumber"":""CR-249/2025"",""policeStation"":""Chowk"",""district"":""lucknow"",""sections"":""IPC 302, 307, 120B (Murder, Attempt to Murder, Conspiracy)"",""chargeSheetStatus"":""Under Investigation"",""convictionDetails"":""Under Trial"",""bailStatus"":""Rejected"",""courtCaseDetails"":""District Court Case 549/2025""}]","[{""type"":""Commercial Plot"",""address"":""Mohalla Basti, Lucknow, UP"",""estimatedValue"":""₹128 Lakhs"",""status"":""Active""}]","[{""vehicleNumber"":""UP-59-AB-1049"",""vehicleType"":""SUV (Fortuner)"",""registrationDetails"":""Registered under self""}]",[],Approved,SHO Chowk,CO Lucknow,SP Lucknow,2026-06-07T17:31:41.663Z
CRM-2026-0050,Rajesh Tiwari,Rajesh alias Chhotu,Chhotu,RamTiwari,Saraswati Devi,Male,1986-06-14,40,9812000050,XXXX-XXXX-3470,"Basti No 60, Lanka Area, Varanasi, UP","Village Dehat, District Varanasi, UP",https://images.unsplash.com/photo-1500000500000?auto=format&fit=crop&q=80&w=300,Dehat,FP-1050-SECURED,FACE-RECOGNIZED-90%,Scar on right arm,175 cm,80 kg,Black,B+,In Jail,Category C (Petty Associate),HS-60/Lanka,Regular movements observed near Lanka market.,Informer reports suspect active in Varanasi.,Intelligence inputs point to plans of illegal operations.,Raju Kaana Gang (D-102),Raju Yadav,Sanjay Verma;Ramesh Tiwari;Alok Pal,"Varanasi, Western UP","[{""firNumber"":""FIR-150/2025"",""crimeNumber"":""CR-250/2025"",""policeStation"":""Lanka"",""district"":""varanasi"",""sections"":""Arms Act Sec 25/27, IPC 34 (Illegal Arms Possession)"",""chargeSheetStatus"":""Filed"",""convictionDetails"":""Convicted"",""bailStatus"":""Rejected"",""courtCaseDetails"":""District Court Case 550/2025""}]","[{""type"":""Residential House"",""address"":""Mohalla Basti, Varanasi, UP"",""estimatedValue"":""₹130 Lakhs"",""status"":""Attached""}]",[],[],Approved,SHO Lanka,CO Varanasi,SP Varanasi,2026-06-07T17:31:41.663Z
CRM-2026-0051,Amit Srivastava,Amit alias Netaji,Netaji,RamSrivastava,Saraswati Devi,Male,1973-06-14,53,9812000051,XXXX-XXXX-3471,"Basti No 61, Shivkuti Area, Prayagraj, UP","Village Dehat, District Prayagraj, UP",https://images.unsplash.com/photo-1500000510000?auto=format&fit=crop&q=80&w=300,Dehat,FP-1051-SECURED,FACE-RECOGNIZED-91%,Scar on right arm,176 cm,81 kg,Brown,B-,Out on Bail,Category A (Hardened Gangster),HS-61/Shivkuti,Regular movements observed near Shivkuti market.,Informer reports suspect active in Prayagraj.,Intelligence inputs point to plans of illegal operations.,Gujjar Syndicate (G-110),Gujjar Patel,Amit Gujjar;Vijay Jaiswal;Dinesh Srivastava,"Prayagraj, Western UP","[{""firNumber"":""FIR-151/2025"",""crimeNumber"":""CR-251/2025"",""policeStation"":""Shivkuti"",""district"":""prayagraj"",""sections"":""IPC 392, 395 (Robbery, Dacoity)"",""chargeSheetStatus"":""Under Investigation"",""convictionDetails"":""Under Trial"",""bailStatus"":""Out on Bail"",""courtCaseDetails"":""District Court Case 551/2025""}]",[],"[{""vehicleNumber"":""UP-61-AB-1051"",""vehicleType"":""Motorcycle (Pulsar)"",""registrationDetails"":""Registered under self""}]",[],Approved,SHO Shivkuti,CO Prayagraj,SP Prayagraj,2026-06-07T17:31:41.663Z
CRM-2026-0052,Vikram Maurya,Vikram alias Raka,Raka,RamMaurya,Saraswati Devi,Male,2005-06-14,21,9812000052,XXXX-XXXX-3472,"Basti No 62, Sector-20 Area, Noida, UP","Village Dehat, District Noida, UP",https://images.unsplash.com/photo-1500000520000?auto=format&fit=crop&q=80&w=300,Dehat,FP-1052-SECURED,FACE-RECOGNIZED-92%,Scar on right arm,177 cm,82 kg,Black,O+,Wanted,Category B (Active Criminal),HS-62/Sector-20,Regular movements observed near Sector-20 market.,Informer reports suspect active in Noida.,Intelligence inputs point to plans of illegal operations.,Purvanchal Cartel (P-51),Purvanchal Agarwal,Vikram Sharma;Manoj Mishra;Sunil Maurya,"Noida, Western UP","[{""firNumber"":""FIR-152/2025"",""crimeNumber"":""CR-252/2025"",""policeStation"":""Sector-20"",""district"":""noida"",""sections"":""NDPS Act Sec 18/20 (Drug Smuggling)"",""chargeSheetStatus"":""Filed"",""convictionDetails"":""Under Trial"",""bailStatus"":""Rejected"",""courtCaseDetails"":""District Court Case 552/2025""}]","[{""type"":""Residential House"",""address"":""Mohalla Basti, Noida, UP"",""estimatedValue"":""₹134 Lakhs"",""status"":""Active""}]",[],[],Approved,SHO Sector-20,CO Noida,SP Noida,2026-06-07T17:31:41.663Z
CRM-2026-0053,Satish Verma,Satish alias Lamboo,Lamboo,RamVerma,Saraswati Devi,Male,1992-06-14,34,9812000053,XXXX-XXXX-3473,"Basti No 63, Kavi Nagar Area, Ghaziabad, UP","Village Dehat, District Ghaziabad, UP",https://images.unsplash.com/photo-1500000530000?auto=format&fit=crop&q=80&w=300,Dehat,FP-1053-SECURED,FACE-RECOGNIZED-93%,Scar on right arm,178 cm,83 kg,Black,O-,Active,Category C (Petty Associate),HS-63/Kavi Nagar,Regular movements observed near Kavi Nagar market.,Informer reports suspect active in Ghaziabad.,Intelligence inputs point to plans of illegal operations.,Western UP Syndicate (W-88),Western Dubey,Satish Pandey;Anil Patel;Pankaj Verma,"Ghaziabad, Western UP","[{""firNumber"":""FIR-153/2025"",""crimeNumber"":""CR-253/2025"",""policeStation"":""Kavi Nagar"",""district"":""ghaziabad"",""sections"":""IPC 384, 506 (Extortion, Intimidation)"",""chargeSheetStatus"":""Under Investigation"",""convictionDetails"":""Under Trial"",""bailStatus"":""Rejected"",""courtCaseDetails"":""District Court Case 553/2025""}]","[{""type"":""Commercial Plot"",""address"":""Mohalla Basti, Ghaziabad, UP"",""estimatedValue"":""₹136 Lakhs"",""status"":""Active""}]","[{""vehicleNumber"":""UP-63-AB-1053"",""vehicleType"":""SUV (Fortuner)"",""registrationDetails"":""Registered under self""}]",[],Approved,SHO Kavi Nagar,CO Ghaziabad,SP Ghaziabad,2026-06-07T17:31:41.663Z
CRM-2026-0054,Rakesh Singh,Rakesh alias Pahalwan,Pahalwan,RamSingh,Saraswati Devi,Male,1979-06-14,47,9812000054,XXXX-XXXX-3474,"Basti No 64, MG Road Area, Agra, UP","Village Dehat, District Agra, UP",https://images.unsplash.com/photo-1500000540000?auto=format&fit=crop&q=80&w=300,Dehat,FP-1054-SECURED,FACE-RECOGNIZED-94%,Scar on right arm,179 cm,84 kg,Brown,AB+,In Jail,Category A (Hardened Gangster),HS-64/MG Road,Regular movements observed near MG Road market.,Informer reports suspect active in Agra.,Intelligence inputs point to plans of illegal operations.,Independent,N/A,,"Agra, Western UP","[{""firNumber"":""FIR-154/2025"",""crimeNumber"":""CR-254/2025"",""policeStation"":""MG Road"",""district"":""agra"",""sections"":""UP Gangsters Act Sec 3(1)"",""chargeSheetStatus"":""Filed"",""convictionDetails"":""Convicted"",""bailStatus"":""Rejected"",""courtCaseDetails"":""District Court Case 554/2025""}]",[],[],[],Approved,SHO MG Road,CO Agra,SP Agra,2026-06-07T17:31:41.663Z
CRM-2026-0055,Sanjay Pal,Sanjay alias Palu,Palu,RamPal,Saraswati Devi,Male,1966-06-14,60,9812000055,XXXX-XXXX-3475,"Basti No 65, Kotwali Area, Kanpur, UP","Village Dehat, District Kanpur, UP",https://images.unsplash.com/photo-1500000550000?auto=format&fit=crop&q=80&w=300,Dehat,FP-1055-SECURED,FACE-RECOGNIZED-95%,Scar on right arm,180 cm,85 kg,Black,AB-,Out on Bail,Category B (Active Criminal),HS-65/Kotwali,Regular movements observed near Kotwali market.,Informer reports suspect active in Kanpur.,Intelligence inputs point to plans of illegal operations.,Raju Kaana Gang (D-102),Raju Yadav,Sanjay Verma;Ramesh Tiwari;Alok Pal,"Kanpur, Western UP","[{""firNumber"":""FIR-155/2025"",""crimeNumber"":""CR-255/2025"",""policeStation"":""Kotwali"",""district"":""kanpur"",""sections"":""IPC 420, 467, 468, 471 (Forgery, Cheating)"",""chargeSheetStatus"":""Under Investigation"",""convictionDetails"":""Under Trial"",""bailStatus"":""Out on Bail"",""courtCaseDetails"":""District Court Case 555/2025""}]","[{""type"":""Commercial Plot"",""address"":""Mohalla Basti, Kanpur, UP"",""estimatedValue"":""₹140 Lakhs"",""status"":""Active""}]","[{""vehicleNumber"":""UP-65-AB-1055"",""vehicleType"":""SUV (Fortuner)"",""registrationDetails"":""Registered under self""}]",[],Approved,SHO Kotwali,CO Kanpur,SP Kanpur,2026-06-07T17:31:41.663Z